{
    "rmse": 0.7092461718472012,
    "mae": 0.5549002594310883,
    "r2": 0.24353037775736885
}